﻿Status,Name,Team,Objectives,Related to Objectives & key results tracker (1) (Team Initiatives)
Prioritized,Tech Alliance Network,Marketing (Teams%201a485936ac6e81838e99c43b6f2a8574/Marketing%201a485936ac6e81a79fb3d73520ccfcc7.csv),Forge strategic partnerships (../OKR%20Tracker%201a485936ac6e8130956fdfdeda7b56b5/Forge%20strategic%20partnerships%201a485936ac6e810c80a6dcda4b2ca0a4.csv),
Prioritized,Collaborative Growth Program,Growth (Teams%201a485936ac6e81838e99c43b6f2a8574/Growth%201a485936ac6e8132a716f70c27841075.csv),Forge strategic partnerships (../OKR%20Tracker%201a485936ac6e8130956fdfdeda7b56b5/Forge%20strategic%20partnerships%201a485936ac6e810c80a6dcda4b2ca0a4.csv),
Discussion,Tailored Solutions Development,Core Product (Teams%201a485936ac6e81838e99c43b6f2a8574/Core%20Product%201a485936ac6e818c88bece9083d976dd.csv),Adapt products to needs (../OKR%20Tracker%201a485936ac6e8130956fdfdeda7b56b5/Adapt%20products%20to%20needs%201a485936ac6e81bd92d0d26d1dc39aec.csv),
Prioritized,Partner Alliance Initiative,Operations (Teams%201a485936ac6e81838e99c43b6f2a8574/Operations%201a485936ac6e811faadad034e30a03a2.csv),Forge strategic partnerships (../OKR%20Tracker%201a485936ac6e8130956fdfdeda7b56b5/Forge%20strategic%20partnerships%201a485936ac6e810c80a6dcda4b2ca0a4.csv),
Proposed,Customer Loyalty Rewards,Growth (Teams%201a485936ac6e81838e99c43b6f2a8574/Growth%201a485936ac6e8132a716f70c27841075.csv),Loyalty program (../OKR%20Tracker%201a485936ac6e8130956fdfdeda7b56b5/Loyalty%20program%201a485936ac6e814b8aabe68bb83239ef.csv),
Prioritized,Global Outreach Initiative,Growth (Teams%201a485936ac6e81838e99c43b6f2a8574/Growth%201a485936ac6e8132a716f70c27841075.csv),Enter emerging markets (../OKR%20Tracker%201a485936ac6e8130956fdfdeda7b56b5/Enter%20emerging%20markets%201a485936ac6e81e8b155e26de354116a.csv),
Discussion,Customer Care Enhancement,Operations (Teams%201a485936ac6e81838e99c43b6f2a8574/Operations%201a485936ac6e811faadad034e30a03a2.csv),Enhance support channels (../OKR%20Tracker%201a485936ac6e8130956fdfdeda7b56b5/Enhance%20support%20channels%201a485936ac6e81239952fbbbe1e8c42d.csv),
Proposed,Omni-Channel Assistance,Operations (Teams%201a485936ac6e81838e99c43b6f2a8574/Operations%201a485936ac6e811faadad034e30a03a2.csv),Enhance support channels (../OKR%20Tracker%201a485936ac6e8130956fdfdeda7b56b5/Enhance%20support%20channels%201a485936ac6e81239952fbbbe1e8c42d.csv),
Prioritized,Cross-Platform Connector,"Platform (Teams%201a485936ac6e81838e99c43b6f2a8574/Platform%201a485936ac6e815c9b26c29fc01f2af2.csv), Data (Teams%201a485936ac6e81838e99c43b6f2a8574/Data%201a485936ac6e81bda8e7f082ca6edc84.csv)",Implement API integrations (../OKR%20Tracker%201a485936ac6e8130956fdfdeda7b56b5/Implement%20API%20integrations%201a485936ac6e8149b96ee84f081e9560.csv),
Proposed,Engage & Retain Program,Growth (Teams%201a485936ac6e81838e99c43b6f2a8574/Growth%201a485936ac6e8132a716f70c27841075.csv),Loyalty program (../OKR%20Tracker%201a485936ac6e8130956fdfdeda7b56b5/Loyalty%20program%201a485936ac6e814b8aabe68bb83239ef.csv),
Prioritized,API Integration Suite,Platform (Teams%201a485936ac6e81838e99c43b6f2a8574/Platform%201a485936ac6e815c9b26c29fc01f2af2.csv),Implement API integrations (../OKR%20Tracker%201a485936ac6e8130956fdfdeda7b56b5/Implement%20API%20integrations%201a485936ac6e8149b96ee84f081e9560.csv),
Prioritized,Emerging Market Entry,Sales (Teams%201a485936ac6e81838e99c43b6f2a8574/Sales%201a485936ac6e811e944fe583376c793b.csv),Enter emerging markets (../OKR%20Tracker%201a485936ac6e8130956fdfdeda7b56b5/Enter%20emerging%20markets%201a485936ac6e81e8b155e26de354116a.csv),
Discussion,User-Centric Evolution,Core Product (Teams%201a485936ac6e81838e99c43b6f2a8574/Core%20Product%201a485936ac6e818c88bece9083d976dd.csv),Adapt products to needs (../OKR%20Tracker%201a485936ac6e8130956fdfdeda7b56b5/Adapt%20products%20to%20needs%201a485936ac6e81bd92d0d26d1dc39aec.csv),