﻿Status,Type,Name,Who?,Owner,Date
Done,Inputs,Exec Team Offsite: Initial Guidance + Goals,Exec team,Michael Manapat,"December 12, 2022 → December 14, 2022"
Done,Inputs,Mid-Term Strategy Published,Exec team,Ivan Zhao,"December 14, 2022"
Done,Inputs,Planning Kickoff Meeting,Entire company,Aki Tas,"December 15, 2022"
In progress,Goals,Teams Write Goals + OKRs,Entire company,Akshay Kothari,"December 15, 2022 → December 20, 2022"
Not started,Goals,Team Objetive Reviews w/ Exec Team,Team leads + exec team,Ivan Zhao,"December 21, 2022 → December 23, 2022"
Not started,Goals,Exec Team Finalizes Company OKRs,Exec team,Ivan Zhao,"January 2, 2023"
Not started,Goals,Company Objectives sent out,Exec team,Aki Tas,"January 3, 2023"
Not started,Roadmaps,Teams Write Plans,Entire company,Matt Piccolella (Old),"January 4, 2023 → January 9, 2023"
Not started,Inputs,Departmental Offsites,Department + team leads,Ivan Zhao,"January 4, 2023 → January 9, 2023"
Not started,Roadmaps,Exec Team + Staff discussions/feedback,Exec team + division/org leads,Michael Manapat,"January 10, 2023"
Not started,Roadmaps,Teams respond to feedback,Entire company,Pia Mishra,"January 11, 2023 → January 12, 2023"
Not started,Roadmaps,Final Team Plan Reviews w/ Exec Team,Team leads + exec team,Pia Mishra,"January 13, 2023"
Not started,Wrap-Up,Roadmaps finalized,Exec team,Pia Mishra,"January 16, 2023"
Not started,Wrap-Up,Q1 Company Kickoff,Entire company,Aki Tas,"January 17, 2023"