﻿Type,Name,Owner
Company Plan,"OKR Tracker (../OKR%20Tracker%201a485936ac6e8130956fdfdeda7b56b5.csv) ",Holly Avery
Inputs,Notion Mid-Term Strategy,Esteban Balderas
Team Plan,Data H1 Plan,Matt Piccolella
Company Plan,Company H1 Plan,Holly Avery
Team Plan,Finance H1 Plan,Daniel García Murillo
Team Plan,Growth H1 Plan,Daniel Pyykonen
Team Plan,Platform H1 Plan,Nate Martins
Team Plan,Core Product H1 Plan,Ben Lang
Team Plan,Marketing H1 Plan,Virginia Conde
Team Plan,Sales Q1 Plan,Seo Kyung Kim