﻿Status,Type,Name,Date,Owner,Who?
Done,Inputs,Exec Team Offsite: Initial Guidance + Goals,"December 12, 2022 → December 14, 2022",Michael Manapat,Exec team
Done,Inputs,Mid-Term Strategy Published,"December 14, 2022",Ivan Zhao,Exec team
Done,Inputs,Planning Kickoff Meeting,"December 15, 2022",Aki Tas,Entire company
In progress,Goals,Teams Write Goals + OKRs,"December 15, 2022 → December 20, 2022",Akshay Kothari,Entire company
Not started,Goals,Team Objetive Reviews w/ Exec Team,"December 21, 2022 → December 23, 2022",Ivan Zhao,Team leads + exec team
Not started,Goals,Exec Team Finalizes Company OKRs,"January 2, 2023",Ivan Zhao,Exec team
Not started,Goals,Company Objectives sent out,"January 3, 2023",Aki Tas,Exec team
Not started,Roadmaps,Teams Write Plans,"January 4, 2023 → January 9, 2023",Matt Piccolella (Old),Entire company
Not started,Inputs,Departmental Offsites,"January 4, 2023 → January 9, 2023",Ivan Zhao,Department + team leads
Not started,Roadmaps,Exec Team + Staff discussions/feedback,"January 10, 2023",Michael Manapat,Exec team + division/org leads
Not started,Roadmaps,Teams respond to feedback,"January 11, 2023 → January 12, 2023",Pia Mishra,Entire company
Not started,Roadmaps,Final Team Plan Reviews w/ Exec Team,"January 13, 2023",Pia Mishra,Team leads + exec team
Not started,Wrap-Up,Roadmaps finalized,"January 16, 2023",Pia Mishra,Exec team
Not started,Wrap-Up,Q1 Company Kickoff,"January 17, 2023",Aki Tas,Entire company