﻿Type,Name,👥 Team,Owner,Reviewers,Status
Inputs,Notion Mid-Term Strategy,Exec Team (Annual%20Planning%20Exercise%201a485936ac6e8194a24bfa94827218e2/Teams%201a485936ac6e81838e99c43b6f2a8574/Exec%20Team%201a485936ac6e81499428dabb26a2adbb.md),Esteban Balderas,,Finalized
Team Plan,Growth H1 Plan,Growth (Annual%20Planning%20Exercise%201a485936ac6e8194a24bfa94827218e2/Teams%201a485936ac6e81838e99c43b6f2a8574/Growth%201a485936ac6e8132a716f70c27841075.md),Daniel Pyykonen,,In progress
Team Plan,Platform H1 Plan,Platform (Annual%20Planning%20Exercise%201a485936ac6e8194a24bfa94827218e2/Teams%201a485936ac6e81838e99c43b6f2a8574/Platform%201a485936ac6e815c9b26c29fc01f2af2.md),Nate Martins,,Ready for review
Team Plan,Marketing H1 Plan,Marketing (Annual%20Planning%20Exercise%201a485936ac6e8194a24bfa94827218e2/Teams%201a485936ac6e81838e99c43b6f2a8574/Marketing%201a485936ac6e81a79fb3d73520ccfcc7.md),Virginia Conde,,Feedback requested
Team Plan,Sales Q1 Plan,Sales (Annual%20Planning%20Exercise%201a485936ac6e8194a24bfa94827218e2/Teams%201a485936ac6e81838e99c43b6f2a8574/Sales%201a485936ac6e811e944fe583376c793b.md),Seo Kyung Kim,,Not started
Team Plan,Finance H1 Plan,Operations (Annual%20Planning%20Exercise%201a485936ac6e8194a24bfa94827218e2/Teams%201a485936ac6e81838e99c43b6f2a8574/Operations%201a485936ac6e811faadad034e30a03a2.md),Daniel García Murillo,,In progress
Company Plan,"OKR Tracker (OKR%20Tracker%201a485936ac6e8130956fdfdeda7b56b5.md) ",Entire Company (Annual%20Planning%20Exercise%201a485936ac6e8194a24bfa94827218e2/Teams%201a485936ac6e81838e99c43b6f2a8574/Entire%20Company%201a485936ac6e81a69ae1f3e0112121b1.md),Holly Avery,,Finalized
Company Plan,Company H1 Plan,Entire Company (Annual%20Planning%20Exercise%201a485936ac6e8194a24bfa94827218e2/Teams%201a485936ac6e81838e99c43b6f2a8574/Entire%20Company%201a485936ac6e81a69ae1f3e0112121b1.md),Holly Avery,,Not started
Team Plan,Core Product H1 Plan,Core Product (Annual%20Planning%20Exercise%201a485936ac6e8194a24bfa94827218e2/Teams%201a485936ac6e81838e99c43b6f2a8574/Core%20Product%201a485936ac6e818c88bece9083d976dd.md),Ben Lang,,In progress
Team Plan,Data H1 Plan,Data (Annual%20Planning%20Exercise%201a485936ac6e8194a24bfa94827218e2/Teams%201a485936ac6e81838e99c43b6f2a8574/Data%201a485936ac6e81bda8e7f082ca6edc84.md),Matt Piccolella,,Not started