﻿Name,Lead,Initiatives,Related OKR,Related to OKR Tracker (Teams),Related to OKR Tracker (Teams) 1,Related to OKR Tracker (Teams) 10,Related to OKR Tracker (Teams) 11,Related to OKR Tracker (Teams) 12,Related to OKR Tracker (Teams) 13,Related to OKR Tracker (Teams) 14,Related to OKR Tracker (Teams) 15,Related to OKR Tracker (Teams) 16,Related to OKR Tracker (Teams) 2,Related to OKR Tracker (Teams) 3,Related to OKR Tracker (Teams) 4,Related to OKR Tracker (Teams) 5,Related to OKR Tracker (Teams) 6,Related to OKR Tracker (Teams) 7,Related to OKR Tracker (Teams) 8,Related to OKR Tracker (Teams) 9
Marketing,Virginia Conde,Tech Alliance Network (Annual%20Planning%20Exercise%201a485936ac6e8194a24bfa94827218e2/Company%20Initiatives%201a485936ac6e814aa417ddad25f16e5d/Tech%20Alliance%20Network%201a485936ac6e812e9a87f0b1cb4c76d4.md),Enter emerging markets (OKR%20Tracker%201a485936ac6e8130956fdfdeda7b56b5/Enter%20emerging%20markets%201a485936ac6e81e8b155e26de354116a.md),,,,,,,,,,,,,,,,,
Sales,Seo Kyung Kim,Emerging Market Entry (Annual%20Planning%20Exercise%201a485936ac6e8194a24bfa94827218e2/Company%20Initiatives%201a485936ac6e814aa417ddad25f16e5d/Emerging%20Market%20Entry%201a485936ac6e81bb9718c1bfe05c61f6.md),"Enter emerging markets (OKR%20Tracker%201a485936ac6e8130956fdfdeda7b56b5/Enter%20emerging%20markets%201a485936ac6e81e8b155e26de354116a.md), Dsitribution agreement with SuperCorp by Q3 (OKR%20Tracker%201a485936ac6e8130956fdfdeda7b56b5/Dsitribution%20agreement%20with%20SuperCorp%20by%20Q3%201a485936ac6e813b9048f14cc5eb8957.md)",,,,,,,,,,,,,,,,,
Platform,Nate Martins,"Cross-Platform Connector (Annual%20Planning%20Exercise%201a485936ac6e8194a24bfa94827218e2/Company%20Initiatives%201a485936ac6e814aa417ddad25f16e5d/Cross-Platform%20Connector%201a485936ac6e81fc8e52f1f8884b7586.md), API Integration Suite (Annual%20Planning%20Exercise%201a485936ac6e8194a24bfa94827218e2/Company%20Initiatives%201a485936ac6e814aa417ddad25f16e5d/API%20Integration%20Suite%201a485936ac6e816499e8cc14496443c5.md)","Implement API integrations (OKR%20Tracker%201a485936ac6e8130956fdfdeda7b56b5/Implement%20API%20integrations%201a485936ac6e8149b96ee84f081e9560.md), Expose 22 core endpoints by Q2 (OKR%20Tracker%201a485936ac6e8130956fdfdeda7b56b5/Expose%2022%20core%20endpoints%20by%20Q2%201a485936ac6e8139b688da73e2123b09.md)",,,,,,,,,,,,,,,,,
Core Product,Ben Lang,"User-Centric Evolution (Annual%20Planning%20Exercise%201a485936ac6e8194a24bfa94827218e2/Company%20Initiatives%201a485936ac6e814aa417ddad25f16e5d/User-Centric%20Evolution%201a485936ac6e81dd86ffcd5ec74a5985.md), Tailored Solutions Development (Annual%20Planning%20Exercise%201a485936ac6e8194a24bfa94827218e2/Company%20Initiatives%201a485936ac6e814aa417ddad25f16e5d/Tailored%20Solutions%20Development%201a485936ac6e81668163c4308cd52e60.md)","Expose 22 core endpoints by Q2 (OKR%20Tracker%201a485936ac6e8130956fdfdeda7b56b5/Expose%2022%20core%20endpoints%20by%20Q2%201a485936ac6e8139b688da73e2123b09.md), Implement API integrations (OKR%20Tracker%201a485936ac6e8130956fdfdeda7b56b5/Implement%20API%20integrations%201a485936ac6e8149b96ee84f081e9560.md), 200k MAU in emerging markets by EOY (OKR%20Tracker%201a485936ac6e8130956fdfdeda7b56b5/200k%20MAU%20in%20emerging%20markets%20by%20EOY%201a485936ac6e818aa250d9d59058ccfb.md), Localise website to 4 core languages by Q3 (OKR%20Tracker%201a485936ac6e8130956fdfdeda7b56b5/Localise%20website%20to%204%20core%20languages%20by%20Q3%201a485936ac6e81be967ed0af431801e7.md), Launch do-it-yourself flow by Q4 (OKR%20Tracker%201a485936ac6e8130956fdfdeda7b56b5/Launch%20do-it-yourself%20flow%20by%20Q4%201a485936ac6e817ca8dcd5f62d49a37f.md)",,,,,,,,,,,,,,,,,
Growth,Daniel Pyykonen,"Engage & Retain Program (Annual%20Planning%20Exercise%201a485936ac6e8194a24bfa94827218e2/Company%20Initiatives%201a485936ac6e814aa417ddad25f16e5d/Engage%20&%20Retain%20Program%201a485936ac6e812fae9cdc58e33958a8.md), Customer Loyalty Rewards (Annual%20Planning%20Exercise%201a485936ac6e8194a24bfa94827218e2/Company%20Initiatives%201a485936ac6e814aa417ddad25f16e5d/Customer%20Loyalty%20Rewards%201a485936ac6e817b880ceacc49a0f49c.md), Global Outreach Initiative (Annual%20Planning%20Exercise%201a485936ac6e8194a24bfa94827218e2/Company%20Initiatives%201a485936ac6e814aa417ddad25f16e5d/Global%20Outreach%20Initiative%201a485936ac6e817ca31df7c83290393d.md), Collaborative Growth Program (Annual%20Planning%20Exercise%201a485936ac6e8194a24bfa94827218e2/Company%20Initiatives%201a485936ac6e814aa417ddad25f16e5d/Collaborative%20Growth%20Program%201a485936ac6e8145a5b5fa4957fe8974.md)",200k MAU in emerging markets by EOY (OKR%20Tracker%201a485936ac6e8130956fdfdeda7b56b5/200k%20MAU%20in%20emerging%20markets%20by%20EOY%201a485936ac6e818aa250d9d59058ccfb.md),,,,,,,,,,,,,,,,,
Operations,Daniel García Murillo,"Omni-Channel Assistance (Annual%20Planning%20Exercise%201a485936ac6e8194a24bfa94827218e2/Company%20Initiatives%201a485936ac6e814aa417ddad25f16e5d/Omni-Channel%20Assistance%201a485936ac6e81ba89e3e0d8ab5b0e79.md), Customer Care Enhancement (Annual%20Planning%20Exercise%201a485936ac6e8194a24bfa94827218e2/Company%20Initiatives%201a485936ac6e814aa417ddad25f16e5d/Customer%20Care%20Enhancement%201a485936ac6e818c8386d32281004695.md), Partner Alliance Initiative (Annual%20Planning%20Exercise%201a485936ac6e8194a24bfa94827218e2/Company%20Initiatives%201a485936ac6e814aa417ddad25f16e5d/Partner%20Alliance%20Initiative%201a485936ac6e816ba038ff4bc03a8b3b.md)","Enhance support channels (OKR%20Tracker%201a485936ac6e8130956fdfdeda7b56b5/Enhance%20support%20channels%201a485936ac6e81239952fbbbe1e8c42d.md), Dsitribution agreement with SuperCorp by Q3 (OKR%20Tracker%201a485936ac6e8130956fdfdeda7b56b5/Dsitribution%20agreement%20with%20SuperCorp%20by%20Q3%201a485936ac6e813b9048f14cc5eb8957.md)",,,,,,,,,,,,,,,,,
Exec Team,Esteban Balderas,,,,,,,,,,,,,,,,,,,
Entire Company,Holly Avery,,,,,,,,,,,,,,,,,,,
Data,Matt Piccolella,Cross-Platform Connector (Annual%20Planning%20Exercise%201a485936ac6e8194a24bfa94827218e2/Company%20Initiatives%201a485936ac6e814aa417ddad25f16e5d/Cross-Platform%20Connector%201a485936ac6e81fc8e52f1f8884b7586.md),,,,,,,,,,,,,,,,,,