﻿Status,Type,Name,Who?,Owner
Done,Inputs,Exec Team Offsite: Initial Guidance + Goals,Exec team,Michael Manapat
Done,Inputs,Mid-Term Strategy Published,Exec team,Ivan Zhao
Done,Inputs,Planning Kickoff Meeting,Entire company,Aki Tas
In progress,Goals,Teams Write Goals + OKRs,Entire company,Akshay Kothari
Not started,Goals,Team Objetive Reviews w/ Exec Team,Team leads + exec team,Ivan Zhao
Not started,Goals,Exec Team Finalizes Company OKRs,Exec team,Ivan Zhao
Not started,Goals,Company Objectives sent out,Exec team,Aki Tas
Not started,Roadmaps,Teams Write Plans,Entire company,Matt Piccolella (Old)
Not started,Inputs,Departmental Offsites,Department + team leads,Ivan Zhao
Not started,Roadmaps,Exec Team + Staff discussions/feedback,Exec team + division/org leads,Michael Manapat
Not started,Roadmaps,Teams respond to feedback,Entire company,Pia Mishra
Not started,Roadmaps,Final Team Plan Reviews w/ Exec Team,Team leads + exec team,Pia Mishra
Not started,Wrap-Up,Roadmaps finalized,Exec team,Pia Mishra
Not started,Wrap-Up,Q1 Company Kickoff,Entire company,Aki Tas