﻿Name,Owner,Team Initiatives,Status,Target Date,Key Results,Objective
Dsitribution agreement with SuperCorp by Q3,Zoe,,🟢,"October 1, 2023",,Forge strategic partnerships (OKR%20Tracker%201a485936ac6e8130956fdfdeda7b56b5/Forge%20strategic%20partnerships%201a485936ac6e810c80a6dcda4b2ca0a4.csv)
Expose 22 core endpoints by Q2,Nate Martins,,🟠,"February 1, 2023",,Implement API integrations (OKR%20Tracker%201a485936ac6e8130956fdfdeda7b56b5/Implement%20API%20integrations%201a485936ac6e8149b96ee84f081e9560.csv)
Hire Regional Head of Sales / Africa,Ben Lang,,🟢,"June 1, 2023",,Enter emerging markets (OKR%20Tracker%201a485936ac6e8130956fdfdeda7b56b5/Enter%20emerging%20markets%201a485936ac6e81e8b155e26de354116a.csv)
200k MAU in emerging markets by EOY,Ben Lang,,🟠,"June 1, 2023",,Enter emerging markets (OKR%20Tracker%201a485936ac6e8130956fdfdeda7b56b5/Enter%20emerging%20markets%201a485936ac6e81e8b155e26de354116a.csv)
Launch do-it-yourself flow by Q4,Matt Piccolella,,🟢,"September 1, 2023",,Adapt products to needs (OKR%20Tracker%201a485936ac6e8130956fdfdeda7b56b5/Adapt%20products%20to%20needs%201a485936ac6e81bd92d0d26d1dc39aec.csv)
Localise website to 4 core languages by Q3,Andrea Lim,,🟢,"March 1, 2023",,Enter emerging markets (OKR%20Tracker%201a485936ac6e8130956fdfdeda7b56b5/Enter%20emerging%20markets%201a485936ac6e81e8b155e26de354116a.csv)
Reduce time to reach agent to under a minute,Sohrab Amin,,🟢,"March 1, 2023",,Enhance support channels (OKR%20Tracker%201a485936ac6e8130956fdfdeda7b56b5/Enhance%20support%20channels%201a485936ac6e81239952fbbbe1e8c42d.csv)
Reach a Referral Rate of 24%,Seo Kyung Kim,,🔴,"June 1, 2023",,Loyalty program (OKR%20Tracker%201a485936ac6e8130956fdfdeda7b56b5/Loyalty%20program%201a485936ac6e814b8aabe68bb83239ef.csv)
Increase Support Satisfaction Score to 93%,Matt Piccolella,,🟠,"June 1, 2023",,Enhance support channels (OKR%20Tracker%201a485936ac6e8130956fdfdeda7b56b5/Enhance%20support%20channels%201a485936ac6e81239952fbbbe1e8c42d.csv)
Forge strategic partnerships,Michael Manapat,"Partner Alliance Initiative (Annual%20Planning%20Exercise%201a485936ac6e8194a24bfa94827218e2/Company%20Initiatives%201a485936ac6e814aa417ddad25f16e5d/Partner%20Alliance%20Initiative%201a485936ac6e816ba038ff4bc03a8b3b.csv), Collaborative Growth Program (Annual%20Planning%20Exercise%201a485936ac6e8194a24bfa94827218e2/Company%20Initiatives%201a485936ac6e814aa417ddad25f16e5d/Collaborative%20Growth%20Program%201a485936ac6e8145a5b5fa4957fe8974.csv), Tech Alliance Network (Annual%20Planning%20Exercise%201a485936ac6e8194a24bfa94827218e2/Company%20Initiatives%201a485936ac6e814aa417ddad25f16e5d/Tech%20Alliance%20Network%201a485936ac6e812e9a87f0b1cb4c76d4.csv)",🟢,,Dsitribution agreement with SuperCorp by Q3 (OKR%20Tracker%201a485936ac6e8130956fdfdeda7b56b5/Dsitribution%20agreement%20with%20SuperCorp%20by%20Q3%201a485936ac6e813b9048f14cc5eb8957.csv),
Implement API integrations,Virginia Conde,"API Integration Suite (Annual%20Planning%20Exercise%201a485936ac6e8194a24bfa94827218e2/Company%20Initiatives%201a485936ac6e814aa417ddad25f16e5d/API%20Integration%20Suite%201a485936ac6e816499e8cc14496443c5.csv), Cross-Platform Connector (Annual%20Planning%20Exercise%201a485936ac6e8194a24bfa94827218e2/Company%20Initiatives%201a485936ac6e814aa417ddad25f16e5d/Cross-Platform%20Connector%201a485936ac6e81fc8e52f1f8884b7586.csv)",🟠,,Expose 22 core endpoints by Q2 (OKR%20Tracker%201a485936ac6e8130956fdfdeda7b56b5/Expose%2022%20core%20endpoints%20by%20Q2%201a485936ac6e8139b688da73e2123b09.csv),
Enter emerging markets,Ivan Zhao,"Global Outreach Initiative (Annual%20Planning%20Exercise%201a485936ac6e8194a24bfa94827218e2/Company%20Initiatives%201a485936ac6e814aa417ddad25f16e5d/Global%20Outreach%20Initiative%201a485936ac6e817ca31df7c83290393d.csv), Emerging Market Entry (Annual%20Planning%20Exercise%201a485936ac6e8194a24bfa94827218e2/Company%20Initiatives%201a485936ac6e814aa417ddad25f16e5d/Emerging%20Market%20Entry%201a485936ac6e81bb9718c1bfe05c61f6.csv)",🟢,,"Hire Regional Head of Sales / Africa (OKR%20Tracker%201a485936ac6e8130956fdfdeda7b56b5/Hire%20Regional%20Head%20of%20Sales%20Africa%201a485936ac6e817eb180e79edc010965.csv), 200k MAU in emerging markets by EOY (OKR%20Tracker%201a485936ac6e8130956fdfdeda7b56b5/200k%20MAU%20in%20emerging%20markets%20by%20EOY%201a485936ac6e818aa250d9d59058ccfb.csv), Localise website to 4 core languages by Q3 (OKR%20Tracker%201a485936ac6e8130956fdfdeda7b56b5/Localise%20website%20to%204%20core%20languages%20by%20Q3%201a485936ac6e81be967ed0af431801e7.csv)",
Adapt products to needs,Andrea Lim,"Tailored Solutions Development (Annual%20Planning%20Exercise%201a485936ac6e8194a24bfa94827218e2/Company%20Initiatives%201a485936ac6e814aa417ddad25f16e5d/Tailored%20Solutions%20Development%201a485936ac6e81668163c4308cd52e60.csv), User-Centric Evolution (Annual%20Planning%20Exercise%201a485936ac6e8194a24bfa94827218e2/Company%20Initiatives%201a485936ac6e814aa417ddad25f16e5d/User-Centric%20Evolution%201a485936ac6e81dd86ffcd5ec74a5985.csv)",🟢,,Launch do-it-yourself flow by Q4 (OKR%20Tracker%201a485936ac6e8130956fdfdeda7b56b5/Launch%20do-it-yourself%20flow%20by%20Q4%201a485936ac6e817ca8dcd5f62d49a37f.csv),
Enhance support channels,Sohrab Amin,"Customer Care Enhancement (Annual%20Planning%20Exercise%201a485936ac6e8194a24bfa94827218e2/Company%20Initiatives%201a485936ac6e814aa417ddad25f16e5d/Customer%20Care%20Enhancement%201a485936ac6e818c8386d32281004695.csv), Omni-Channel Assistance (Annual%20Planning%20Exercise%201a485936ac6e8194a24bfa94827218e2/Company%20Initiatives%201a485936ac6e814aa417ddad25f16e5d/Omni-Channel%20Assistance%201a485936ac6e81ba89e3e0d8ab5b0e79.csv)",🟠,,"Reduce time to reach agent to under a minute (OKR%20Tracker%201a485936ac6e8130956fdfdeda7b56b5/Reduce%20time%20to%20reach%20agent%20to%20under%20a%20minute%201a485936ac6e810c9928f129fa71893a.csv), Increase Support Satisfaction Score to 93% (OKR%20Tracker%201a485936ac6e8130956fdfdeda7b56b5/Increase%20Support%20Satisfaction%20Score%20to%2093%25%201a485936ac6e819e9decdb7f359e46b4.csv)",
Loyalty program,Sohrab Amin,"Customer Loyalty Rewards (Annual%20Planning%20Exercise%201a485936ac6e8194a24bfa94827218e2/Company%20Initiatives%201a485936ac6e814aa417ddad25f16e5d/Customer%20Loyalty%20Rewards%201a485936ac6e817b880ceacc49a0f49c.csv), Engage & Retain Program (Annual%20Planning%20Exercise%201a485936ac6e8194a24bfa94827218e2/Company%20Initiatives%201a485936ac6e814aa417ddad25f16e5d/Engage%20&%20Retain%20Program%201a485936ac6e812fae9cdc58e33958a8.csv)",🔴,,Reach a Referral Rate of 24% (OKR%20Tracker%201a485936ac6e8130956fdfdeda7b56b5/Reach%20a%20Referral%20Rate%20of%2024%25%201a485936ac6e81b5a2e8ebba3c3fb77f.csv),