﻿Name,Owner,Team Initiatives,Target Date
Dsitribution agreement with SuperCorp by Q3,Zoe,,"October 1, 2023"
Expose 22 core endpoints by Q2,Nate Martins,,"February 1, 2023"
Hire Regional Head of Sales / Africa,Ben Lang,,"June 1, 2023"
200k MAU in emerging markets by EOY,Ben Lang,,"June 1, 2023"
Launch do-it-yourself flow by Q4,Matt Piccolella,,"September 1, 2023"
Localise website to 4 core languages by Q3,Andrea Lim,,"March 1, 2023"
Reduce time to reach agent to under a minute,Sohrab Amin,,"March 1, 2023"
Reach a Referral Rate of 24%,Seo Kyung Kim,,"June 1, 2023"
Increase Support Satisfaction Score to 93%,Matt Piccolella,,"June 1, 2023"
Forge strategic partnerships,Michael Manapat,"Partner Alliance Initiative (Annual%20Planning%20Exercise%201a485936ac6e8194a24bfa94827218e2/Company%20Initiatives%201a485936ac6e814aa417ddad25f16e5d/Partner%20Alliance%20Initiative%201a485936ac6e816ba038ff4bc03a8b3b.csv), Collaborative Growth Program (Annual%20Planning%20Exercise%201a485936ac6e8194a24bfa94827218e2/Company%20Initiatives%201a485936ac6e814aa417ddad25f16e5d/Collaborative%20Growth%20Program%201a485936ac6e8145a5b5fa4957fe8974.csv), Tech Alliance Network (Annual%20Planning%20Exercise%201a485936ac6e8194a24bfa94827218e2/Company%20Initiatives%201a485936ac6e814aa417ddad25f16e5d/Tech%20Alliance%20Network%201a485936ac6e812e9a87f0b1cb4c76d4.csv)",
Implement API integrations,Virginia Conde,"API Integration Suite (Annual%20Planning%20Exercise%201a485936ac6e8194a24bfa94827218e2/Company%20Initiatives%201a485936ac6e814aa417ddad25f16e5d/API%20Integration%20Suite%201a485936ac6e816499e8cc14496443c5.csv), Cross-Platform Connector (Annual%20Planning%20Exercise%201a485936ac6e8194a24bfa94827218e2/Company%20Initiatives%201a485936ac6e814aa417ddad25f16e5d/Cross-Platform%20Connector%201a485936ac6e81fc8e52f1f8884b7586.csv)",
Enter emerging markets,Ivan Zhao,"Global Outreach Initiative (Annual%20Planning%20Exercise%201a485936ac6e8194a24bfa94827218e2/Company%20Initiatives%201a485936ac6e814aa417ddad25f16e5d/Global%20Outreach%20Initiative%201a485936ac6e817ca31df7c83290393d.csv), Emerging Market Entry (Annual%20Planning%20Exercise%201a485936ac6e8194a24bfa94827218e2/Company%20Initiatives%201a485936ac6e814aa417ddad25f16e5d/Emerging%20Market%20Entry%201a485936ac6e81bb9718c1bfe05c61f6.csv)",
Adapt products to needs,Andrea Lim,"Tailored Solutions Development (Annual%20Planning%20Exercise%201a485936ac6e8194a24bfa94827218e2/Company%20Initiatives%201a485936ac6e814aa417ddad25f16e5d/Tailored%20Solutions%20Development%201a485936ac6e81668163c4308cd52e60.csv), User-Centric Evolution (Annual%20Planning%20Exercise%201a485936ac6e8194a24bfa94827218e2/Company%20Initiatives%201a485936ac6e814aa417ddad25f16e5d/User-Centric%20Evolution%201a485936ac6e81dd86ffcd5ec74a5985.csv)",
Enhance support channels,Sohrab Amin,"Customer Care Enhancement (Annual%20Planning%20Exercise%201a485936ac6e8194a24bfa94827218e2/Company%20Initiatives%201a485936ac6e814aa417ddad25f16e5d/Customer%20Care%20Enhancement%201a485936ac6e818c8386d32281004695.csv), Omni-Channel Assistance (Annual%20Planning%20Exercise%201a485936ac6e8194a24bfa94827218e2/Company%20Initiatives%201a485936ac6e814aa417ddad25f16e5d/Omni-Channel%20Assistance%201a485936ac6e81ba89e3e0d8ab5b0e79.csv)",
Loyalty program,Sohrab Amin,"Customer Loyalty Rewards (Annual%20Planning%20Exercise%201a485936ac6e8194a24bfa94827218e2/Company%20Initiatives%201a485936ac6e814aa417ddad25f16e5d/Customer%20Loyalty%20Rewards%201a485936ac6e817b880ceacc49a0f49c.csv), Engage & Retain Program (Annual%20Planning%20Exercise%201a485936ac6e8194a24bfa94827218e2/Company%20Initiatives%201a485936ac6e814aa417ddad25f16e5d/Engage%20&%20Retain%20Program%201a485936ac6e812fae9cdc58e33958a8.csv)",