﻿Task name,Status,Assignee,Due,Priority
Injest partner data,In Progress,Nate Martins,,Low
Schedule kick-off meeting,In Progress,Harold Jackson,"June 17, 2023",Medium
Invite team members,Not Started,Matt Piccolella,"July 14, 2023",High
Secure API Keys and Tokens,In Progress,Andrea Lim,,Medium
Build data dashboards,Not Started,Zoe,"June 20, 2023",Medium
Negotiate international rates,In Progress,Ben Lang,"July 7, 2023",Low
Agree on top 4 currencies to support,In Progress,Zoe,,Medium
Train ML model x data science,Not Started,,,Low
Write project proposal,Done,Sohrab Amin,"June 19, 2023",Low
Review research results,Not Started,Sohrab Amin,"July 1, 2023",Medium
Currency conversion rates agreement,Done,Harsha Kotte,,High
Add a new task,Not Started,Andrea Lim,"June 22, 2023",High
Identify parameters and probable initial weights,Not Started,Nate Martins,"June 23, 2023",Low
SOP for lost parcels,Done,Andrea Lim,,High
SOP for verified fraudulent accounts,Done,Matt Piccolella,,High
Verification process in case of flag,Done,Matt Piccolella,"June 23, 2023",High
Fallback mechanism,In Progress,Harold Jackson,,High