﻿Project name,Status,Owner,Dates,Priority,Completion,Tasks,Blocked By,Is Blocking,Documents
Scalability Q2 Initiative,Done,Angela Qian,"May 9, 2023 → May 15, 2023",High,,"Invite team members (Ops%20Tasks%201a485936ac6e8179bc91c857402b2965/Invite%20team%20members%201a485936ac6e81b2b7b2c72a2a119678.csv), Add a new task (Ops%20Tasks%201a485936ac6e8179bc91c857402b2965/Add%20a%20new%20task%201a485936ac6e81f0a6f4f35841f820ec.csv)",,Order fulfillment optimization (Ops%20Projects%201a485936ac6e8190bf71df1ec86216d1/Order%20fulfillment%20optimization%201a485936ac6e81688e4dc6117d02a5c0.csv),
Fraud detection and prevention model,Paused,Iris Chiang,"May 31, 2023 → June 14, 2023",Medium,0.4,"Train ML model x data science (Ops%20Tasks%201a485936ac6e8179bc91c857402b2965/Train%20ML%20model%20x%20data%20science%201a485936ac6e815da90ce5e6c154058b.csv), Identify parameters and probable initial weights (Ops%20Tasks%201a485936ac6e8179bc91c857402b2965/Identify%20parameters%20and%20probable%20initial%20weights%201a485936ac6e81f5aa27d68ae9d2ea9c.csv), Injest partner data (Ops%20Tasks%201a485936ac6e8179bc91c857402b2965/Injest%20partner%20data%201a485936ac6e810aac13c074061fadf6.csv), SOP for verified fraudulent accounts (Ops%20Tasks%201a485936ac6e8179bc91c857402b2965/SOP%20for%20verified%20fraudulent%20accounts%201a485936ac6e8188a7eae1fd56d81d84.csv), Verification process in case of flag (Ops%20Tasks%201a485936ac6e8179bc91c857402b2965/Verification%20process%20in%20case%20of%20flag%201a485936ac6e81db9b1dec8b9d22fe49.csv)",,Payment gateway for LATAM (Ops%20Projects%201a485936ac6e8190bf71df1ec86216d1/Payment%20gateway%20for%20LATAM%201a485936ac6e814997b5de5e23a05e0c.csv),SOP / Approve Seller (Ops%20Docs%201a485936ac6e81f08075d7ba0cf20b0d/SOP%20Approve%20Seller%201a485936ac6e81daa6bfff59324cfb02.csv)
Integrate with new shipping partner,In Progress,Ben Lang,"June 6, 2023 → June 21, 2023",High,0.3333333333333333,"Secure API Keys and Tokens (Ops%20Tasks%201a485936ac6e8179bc91c857402b2965/Secure%20API%20Keys%20and%20Tokens%201a485936ac6e81b5a068ef20358278a2.csv), Negotiate international rates (Ops%20Tasks%201a485936ac6e8179bc91c857402b2965/Negotiate%20international%20rates%201a485936ac6e8112bf2fffca518a5cc7.csv), SOP for lost parcels (Ops%20Tasks%201a485936ac6e8179bc91c857402b2965/SOP%20for%20lost%20parcels%201a485936ac6e817e979dc35afdf81034.csv)",,,
Payment gateway for LATAM,In Progress,Matt Piccolella,"June 20, 2023 → July 10, 2023",High,0.3333333333333333,"Agree on top 4 currencies to support (Ops%20Tasks%201a485936ac6e8179bc91c857402b2965/Agree%20on%20top%204%20currencies%20to%20support%201a485936ac6e815d91e9d38ee3efce3d.csv), Currency conversion rates agreement (Ops%20Tasks%201a485936ac6e8179bc91c857402b2965/Currency%20conversion%20rates%20agreement%201a485936ac6e81ec864aecdcefee860c.csv), Fallback mechanism (Ops%20Tasks%201a485936ac6e8179bc91c857402b2965/Fallback%20mechanism%201a485936ac6e81feab1bdabbe3dc73f3.csv)",Fraud detection and prevention model (Ops%20Projects%201a485936ac6e8190bf71df1ec86216d1/Fraud%20detection%20and%20prevention%20model%201a485936ac6e8124a21cc57494f9a31f.csv),,
Order fulfillment optimization,Done,Sohrab Amin,"May 23, 2023 → May 31, 2023",Low,0.5,"Write project proposal (Ops%20Tasks%201a485936ac6e8179bc91c857402b2965/Write%20project%20proposal%201a485936ac6e8191bc7ecc909c5ffd93.csv), Schedule kick-off meeting (Ops%20Tasks%201a485936ac6e8179bc91c857402b2965/Schedule%20kick-off%20meeting%201a485936ac6e81ac8568ef145a6701ba.csv)",Scalability Q2 Initiative (Ops%20Projects%201a485936ac6e8190bf71df1ec86216d1/Scalability%20Q2%20Initiative%201a485936ac6e812b974cfab054d850d4.csv),Advanced inventory tracking (Ops%20Projects%201a485936ac6e8190bf71df1ec86216d1/Advanced%20inventory%20tracking%201a485936ac6e813dbc03c1f771540690.csv),
Advanced inventory tracking,Planning,Holly Avery,"June 24, 2023 → July 24, 2023",Medium,,"Review research results (Ops%20Tasks%201a485936ac6e8179bc91c857402b2965/Review%20research%20results%201a485936ac6e81cd9968c4c7409fa7a2.csv), Build data dashboards (Ops%20Tasks%201a485936ac6e8179bc91c857402b2965/Build%20data%20dashboards%201a485936ac6e810db826e40645ffc8b5.csv)",Order fulfillment optimization (Ops%20Projects%201a485936ac6e8190bf71df1ec86216d1/Order%20fulfillment%20optimization%201a485936ac6e81688e4dc6117d02a5c0.csv),,