﻿Task name,Status,Assignee,Due,Priority,Tags,Project,Parent-task,Sub-tasks
Injest partner data,In Progress,Nate Martins,,Low,,Fraud detection and prevention model (Ops%20Projects%201a485936ac6e8190bf71df1ec86216d1/Fraud%20detection%20and%20prevention%20model%201a485936ac6e8124a21cc57494f9a31f.csv),,
Schedule kick-off meeting,In Progress,Harold Jackson,"June 17, 2023",Medium,,Order fulfillment optimization (Ops%20Projects%201a485936ac6e8190bf71df1ec86216d1/Order%20fulfillment%20optimization%201a485936ac6e81688e4dc6117d02a5c0.csv),,
Invite team members,Not Started,Matt Piccolella,"July 14, 2023",High,,Scalability Q2 Initiative (Ops%20Projects%201a485936ac6e8190bf71df1ec86216d1/Scalability%20Q2%20Initiative%201a485936ac6e812b974cfab054d850d4.csv),,
Secure API Keys and Tokens,In Progress,Andrea Lim,,Medium,,Integrate with new shipping partner (Ops%20Projects%201a485936ac6e8190bf71df1ec86216d1/Integrate%20with%20new%20shipping%20partner%201a485936ac6e818fbb30ead725cbc800.csv),,
Build data dashboards,Not Started,Zoe,"June 20, 2023",Medium,Website,Advanced inventory tracking (Ops%20Projects%201a485936ac6e8190bf71df1ec86216d1/Advanced%20inventory%20tracking%201a485936ac6e813dbc03c1f771540690.csv),,
Negotiate international rates,In Progress,Ben Lang,"July 7, 2023",Low,,Integrate with new shipping partner (Ops%20Projects%201a485936ac6e8190bf71df1ec86216d1/Integrate%20with%20new%20shipping%20partner%201a485936ac6e818fbb30ead725cbc800.csv),,
Agree on top 4 currencies to support,In Progress,Zoe,,Medium,,Payment gateway for LATAM (Ops%20Projects%201a485936ac6e8190bf71df1ec86216d1/Payment%20gateway%20for%20LATAM%201a485936ac6e814997b5de5e23a05e0c.csv),,
Train ML model x data science,Not Started,,,Low,,Fraud detection and prevention model (Ops%20Projects%201a485936ac6e8190bf71df1ec86216d1/Fraud%20detection%20and%20prevention%20model%201a485936ac6e8124a21cc57494f9a31f.csv),,
Write project proposal,Done,Sohrab Amin,"June 19, 2023",Low,Improvement,Order fulfillment optimization (Ops%20Projects%201a485936ac6e8190bf71df1ec86216d1/Order%20fulfillment%20optimization%201a485936ac6e81688e4dc6117d02a5c0.csv),,
Review research results,Not Started,Sohrab Amin,"July 1, 2023",Medium,Website,Advanced inventory tracking (Ops%20Projects%201a485936ac6e8190bf71df1ec86216d1/Advanced%20inventory%20tracking%201a485936ac6e813dbc03c1f771540690.csv),,
Currency conversion rates agreement,Done,Harsha Kotte,,High,,Payment gateway for LATAM (Ops%20Projects%201a485936ac6e8190bf71df1ec86216d1/Payment%20gateway%20for%20LATAM%201a485936ac6e814997b5de5e23a05e0c.csv),,
Add a new task,Not Started,Andrea Lim,"June 22, 2023",High,,Scalability Q2 Initiative (Ops%20Projects%201a485936ac6e8190bf71df1ec86216d1/Scalability%20Q2%20Initiative%201a485936ac6e812b974cfab054d850d4.csv),,
Identify parameters and probable initial weights,Not Started,Nate Martins,"June 23, 2023",Low,,Fraud detection and prevention model (Ops%20Projects%201a485936ac6e8190bf71df1ec86216d1/Fraud%20detection%20and%20prevention%20model%201a485936ac6e8124a21cc57494f9a31f.csv),,
SOP for lost parcels,Done,Andrea Lim,,High,,Integrate with new shipping partner (Ops%20Projects%201a485936ac6e8190bf71df1ec86216d1/Integrate%20with%20new%20shipping%20partner%201a485936ac6e818fbb30ead725cbc800.csv),,
SOP for verified fraudulent accounts,Done,Matt Piccolella,,High,,Fraud detection and prevention model (Ops%20Projects%201a485936ac6e8190bf71df1ec86216d1/Fraud%20detection%20and%20prevention%20model%201a485936ac6e8124a21cc57494f9a31f.csv),,
Verification process in case of flag,Done,Matt Piccolella,"June 23, 2023",High,,Fraud detection and prevention model (Ops%20Projects%201a485936ac6e8190bf71df1ec86216d1/Fraud%20detection%20and%20prevention%20model%201a485936ac6e8124a21cc57494f9a31f.csv),,
Fallback mechanism,In Progress,Harold Jackson,,High,,Payment gateway for LATAM (Ops%20Projects%201a485936ac6e8190bf71df1ec86216d1/Payment%20gateway%20for%20LATAM%201a485936ac6e814997b5de5e23a05e0c.csv),,