﻿Name,Contact,Account Manager,Contract End,Contract,SLA,Type,Website,Invoices,Payment Required
Pineapple,valentina@pineappletech.com,Valentina Delacruz,,Vendor%20Management%201a485936ac6e81f5860cf0e9846bce5d/Lorem_ipsum.pdf,Vendor%20Management%201a485936ac6e81f5860cf0e9846bce5d/Lorem_ipsum.pdf,"Cloud Service Provider, Data Center",www.pineapple.com,,No
ZyonTech,j.kang@sales.zyon.com,Johnny Kang,"December 1, 2024",Vendor%20Management%201a485936ac6e81f5860cf0e9846bce5d/Lorem_ipsum.pdf,Vendor%20Management%201a485936ac6e81f5860cf0e9846bce5d/Lorem_ipsum.pdf,CRM,www.zyon.co.uk,,No
ByteLogistics,accounts@bytelogistics.com,Daniel Truong,,Vendor%20Management%201a485936ac6e81f5860cf0e9846bce5d/Bytex_ACME_Contract_Signed.pdf,,Logistics,www.bytelogistics.com,"Vendor%20Management%201a485936ac6e81f5860cf0e9846bce5d/Byte_1927c-MR2_Invoice.pdf, Vendor%20Management%201a485936ac6e81f5860cf0e9846bce5d/Byte_1927c-MR3_Invoice.pdf",No
Lime,alex@thelime.com,Alex Theiss,"May 1, 2026",Vendor%20Management%201a485936ac6e81f5860cf0e9846bce5d/Lorem_ipsum.pdf,Vendor%20Management%201a485936ac6e81f5860cf0e9846bce5d/Lorem_ipsum.pdf,"Project Management, Software",www.limesolutions.com,,No
Pixell,cleo.theo@getpixell.com,Cleo Theodorou,,Vendor%20Management%201a485936ac6e81f5860cf0e9846bce5d/Lorem_ipsum.pdf,Vendor%20Management%201a485936ac6e81f5860cf0e9846bce5d/Lorem_ipsum.pdf,Payroll & HR,www.wearepixell.com,Vendor%20Management%201a485936ac6e81f5860cf0e9846bce5d/Invoice_TRE_12904.pdf,Yes
Wonder,mathew@wonder.co,Mathew Bell,,,,Marketing & Advertising,www.wonder.co,,No