﻿Status,Name,Objectives
Prioritized,Tech Alliance Network,Forge strategic partnerships (../../OKR%20Tracker%201a485936ac6e8130956fdfdeda7b56b5/Forge%20strategic%20partnerships%201a485936ac6e810c80a6dcda4b2ca0a4.md)
Prioritized,Collaborative Growth Program,Forge strategic partnerships (../../OKR%20Tracker%201a485936ac6e8130956fdfdeda7b56b5/Forge%20strategic%20partnerships%201a485936ac6e810c80a6dcda4b2ca0a4.md)
Discussion,Tailored Solutions Development,Adapt products to needs (../../OKR%20Tracker%201a485936ac6e8130956fdfdeda7b56b5/Adapt%20products%20to%20needs%201a485936ac6e81bd92d0d26d1dc39aec.md)
Prioritized,Partner Alliance Initiative,Forge strategic partnerships (../../OKR%20Tracker%201a485936ac6e8130956fdfdeda7b56b5/Forge%20strategic%20partnerships%201a485936ac6e810c80a6dcda4b2ca0a4.md)
Proposed,Customer Loyalty Rewards,Loyalty program (../../OKR%20Tracker%201a485936ac6e8130956fdfdeda7b56b5/Loyalty%20program%201a485936ac6e814b8aabe68bb83239ef.md)
Prioritized,Global Outreach Initiative,Enter emerging markets (../../OKR%20Tracker%201a485936ac6e8130956fdfdeda7b56b5/Enter%20emerging%20markets%201a485936ac6e81e8b155e26de354116a.md)
Discussion,Customer Care Enhancement,Enhance support channels (../../OKR%20Tracker%201a485936ac6e8130956fdfdeda7b56b5/Enhance%20support%20channels%201a485936ac6e81239952fbbbe1e8c42d.md)
Proposed,Omni-Channel Assistance,Enhance support channels (../../OKR%20Tracker%201a485936ac6e8130956fdfdeda7b56b5/Enhance%20support%20channels%201a485936ac6e81239952fbbbe1e8c42d.md)
Prioritized,Cross-Platform Connector,Implement API integrations (../../OKR%20Tracker%201a485936ac6e8130956fdfdeda7b56b5/Implement%20API%20integrations%201a485936ac6e8149b96ee84f081e9560.md)
Proposed,Engage & Retain Program,Loyalty program (../../OKR%20Tracker%201a485936ac6e8130956fdfdeda7b56b5/Loyalty%20program%201a485936ac6e814b8aabe68bb83239ef.md)
Prioritized,API Integration Suite,Implement API integrations (../../OKR%20Tracker%201a485936ac6e8130956fdfdeda7b56b5/Implement%20API%20integrations%201a485936ac6e8149b96ee84f081e9560.md)
Prioritized,Emerging Market Entry,Enter emerging markets (../../OKR%20Tracker%201a485936ac6e8130956fdfdeda7b56b5/Enter%20emerging%20markets%201a485936ac6e81e8b155e26de354116a.md)
Discussion,User-Centric Evolution,Adapt products to needs (../../OKR%20Tracker%201a485936ac6e8130956fdfdeda7b56b5/Adapt%20products%20to%20needs%201a485936ac6e81bd92d0d26d1dc39aec.md)